﻿<?xml version="1.0"?>
<!-- This file is autogenerated; comments and unknown tags will be stripped -->
<mamecheat version="1">
	<cheat desc=" " />
	<cheat desc="Set All M-Roll Flags">
		<script state="run">
			<output format="" />
		</script>
	</cheat>
	<cheat desc="Use Game Timer as Staff Roll Timer">
		<script state="run">
			<output format="" condition="maincpu.pb@6066845==01" />
		</script>
	</cheat>
	<cheat desc="Use SCORE as Staff Roll Line Counter">
		<script state="run">
			<output format="" condition="maincpu.pb@6066845==01" />
		</script>
	</cheat>
	<cheat desc=" " />
	<cheat desc="Start at Level">
		<parameter			<item value="0x1">1</item>
			<item value="0x2">101</item>
			<item value="0x3">201</item>
			<item value="0x4">301</item>
			<item value="0x5">401</item>
			<item value="0x6">501</item>
			<item value="0x7">601</item>
			<item value="0x8">701</item>
			<item value="0x9">801</item>
			<item value="0xA">901</item>
			<item value="0xB">998</item>
		</parameter>
		<script state="run">
			<output format="" condition="(param==01) and (maincpu.pw@6064BBA==0000) and (maincpu.pb@6064BF5==01)" />
			<output format="" condition="(param==01) and (maincpu.pw@6064BBA==0000) and (maincpu.pb@6064BF5==01)" />
			<output format="" condition="(param==02) and (maincpu.pw@6064BBA==0000) and (maincpu.pb@6064BF5==01)" />
			<output format="" condition="(param==02) and (maincpu.pw@6064BBA==0000) and (maincpu.pb@6064BF5==01)" />
			<output format="" condition="(param==03) and (maincpu.pw@6064BBA==0000) and (maincpu.pb@6064BF5==01)" />
			<output format="" condition="(param==03) and (maincpu.pw@6064BBA==0000) and (maincpu.pb@6064BF5==01)" />
			<output format="" condition="(param==04) and (maincpu.pw@6064BBA==0000) and (maincpu.pb@6064BF5==01)" />
			<output format="" condition="(param==04) and (maincpu.pw@6064BBA==0000) and (maincpu.pb@6064BF5==01)" />
			<output format="" condition="(param==05) and (maincpu.pw@6064BBA==0000) and (maincpu.pb@6064BF5==01)" />
			<output format="" condition="(param==05) and (maincpu.pw@6064BBA==0000) and (maincpu.pb@6064BF5==01)" />
			<output format="" condition="(param==06) and (maincpu.pw@6064BBA==0000) and (maincpu.pb@6064BF5==01)" />
			<output format="" condition="(param==06) and (maincpu.pw@6064BBA==0000) and (maincpu.pb@6064BF5==01)" />
			<output format="" condition="(param==07) and (maincpu.pw@6064BBA==0000) and (maincpu.pb@6064BF5==01)" />
			<output format="" condition="(param==07) and (maincpu.pw@6064BBA==0000) and (maincpu.pb@6064BF5==01)" />
			<output format="" condition="(param==08) and (maincpu.pw@6064BBA==0000) and (maincpu.pb@6064BF5==01)" />
			<output format="" condition="(param==08) and (maincpu.pw@6064BBA==0000) and (maincpu.pb@6064BF5==01)" />
			<output format="" condition="(param==09) and (maincpu.pw@6064BBA==0000) and (maincpu.pb@6064BF5==01)" />
			<output format="" condition="(param==09) and (maincpu.pw@6064BBA==0000) and (maincpu.pb@6064BF5==01)" />
			<output format="" condition="(param==0A) and (maincpu.pw@6064BBA==0000) and (maincpu.pb@6064BF5==01)" />
			<output format="" condition="(param==0A) and (maincpu.pw@6064BBA==0000) and (maincpu.pb@6064BF5==01)" />
			<output format="" condition="(param==0B) and (maincpu.pw@6064BBA==0000) and (maincpu.pb@6064BF5==01)" />
			<output format="" condition="(param==0B) and (maincpu.pw@6064BBA==0000) and (maincpu.pb@6064BF5==01)" />
		</script>
	</cheat>
</mamecheat>
