<mamecheat version="1">

  <comment> version 0.3  released 30th September 2009  by Edo </comment>
  
  <cheat desc=" "/>
    <cheat desc="Set All M-Roll Flags">
    <script state="run">
      <action>maincpu.pb@6064BD0=7F</action>
    </script>
  </cheat>
   
  <cheat desc="Use Game Timer as Staff Roll Timer">
    <script state="run">
      <action condition="maincpu.pb@6066845==01">maincpu.pw@6064BEA=maincpu.pw@6066826</action>
    </script>
  </cheat>
  
  <cheat desc="Use SCORE as Staff Roll Line Counter">
    <script state="run">
      <action condition="maincpu.pb@6066845==01">maincpu.pd@6064BC8=(maincpu.pb@6064C36)</action>
    </script>
  </cheat>

  <cheat desc=" "/>
  <cheat desc="Start at Level">
    <parameter>
      <item value="0x01">1</item>
      <item value="0x02">101</item>
      <item value="0x03">201</item>
      <item value="0x04">301</item>
      <item value="0x05">401</item>
      <item value="0x06">501</item>
      <item value="0x07">601</item>
      <item value="0x08">701</item>
      <item value="0x09">801</item>
      <item value="0x0A">901</item>
      <item value="0x0B">998</item>
    </parameter>
    <script state="run">
      <action condition="(param==01) and (maincpu.pw@6064BBA==0000) and (maincpu.pb@6064BF5==01)">maincpu.pb@6064C25=00</action>
      <action condition="(param==01) and (maincpu.pw@6064BBA==0000) and (maincpu.pb@6064BF5==01)">maincpu.pw@6064BBA=0001</action>
      <action condition="(param==02) and (maincpu.pw@6064BBA==0000) and (maincpu.pb@6064BF5==01)">maincpu.pb@6064C25=01</action>
      <action condition="(param==02) and (maincpu.pw@6064BBA==0000) and (maincpu.pb@6064BF5==01)">maincpu.pw@6064BBA=0065</action>
      <action condition="(param==03) and (maincpu.pw@6064BBA==0000) and (maincpu.pb@6064BF5==01)">maincpu.pb@6064C25=02</action>
      <action condition="(param==03) and (maincpu.pw@6064BBA==0000) and (maincpu.pb@6064BF5==01)">maincpu.pw@6064BBA=00C9</action>
      <action condition="(param==04) and (maincpu.pw@6064BBA==0000) and (maincpu.pb@6064BF5==01)">maincpu.pb@6064C25=03</action>
      <action condition="(param==04) and (maincpu.pw@6064BBA==0000) and (maincpu.pb@6064BF5==01)">maincpu.pw@6064BBA=012D</action>
      <action condition="(param==05) and (maincpu.pw@6064BBA==0000) and (maincpu.pb@6064BF5==01)">maincpu.pb@6064C25=04</action>
      <action condition="(param==05) and (maincpu.pw@6064BBA==0000) and (maincpu.pb@6064BF5==01)">maincpu.pw@6064BBA=0191</action>
      <action condition="(param==06) and (maincpu.pw@6064BBA==0000) and (maincpu.pb@6064BF5==01)">maincpu.pb@6064C25=05</action>
      <action condition="(param==06) and (maincpu.pw@6064BBA==0000) and (maincpu.pb@6064BF5==01)">maincpu.pw@6064BBA=01F5</action>
      <action condition="(param==07) and (maincpu.pw@6064BBA==0000) and (maincpu.pb@6064BF5==01)">maincpu.pb@6064C25=06</action>
      <action condition="(param==07) and (maincpu.pw@6064BBA==0000) and (maincpu.pb@6064BF5==01)">maincpu.pw@6064BBA=0259</action>
      <action condition="(param==08) and (maincpu.pw@6064BBA==0000) and (maincpu.pb@6064BF5==01)">maincpu.pb@6064C25=07</action>
      <action condition="(param==08) and (maincpu.pw@6064BBA==0000) and (maincpu.pb@6064BF5==01)">maincpu.pw@6064BBA=02BD</action>
      <action condition="(param==09) and (maincpu.pw@6064BBA==0000) and (maincpu.pb@6064BF5==01)">maincpu.pb@6064C25=08</action>
      <action condition="(param==09) and (maincpu.pw@6064BBA==0000) and (maincpu.pb@6064BF5==01)">maincpu.pw@6064BBA=0321</action>
      <action condition="(param==0A) and (maincpu.pw@6064BBA==0000) and (maincpu.pb@6064BF5==01)">maincpu.pb@6064C25=09</action>
      <action condition="(param==0A) and (maincpu.pw@6064BBA==0000) and (maincpu.pb@6064BF5==01)">maincpu.pw@6064BBA=0385</action>
      <action condition="(param==0B) and (maincpu.pw@6064BBA==0000) and (maincpu.pb@6064BF5==01)">maincpu.pb@6064C25=09</action>
      <action condition="(param==0B) and (maincpu.pw@6064BBA==0000) and (maincpu.pb@6064BF5==01)">maincpu.pw@6064BBA=03E6</action>
    </script>
  </cheat>
  

</mamecheat>