﻿<?xml version="1.0"?>
<!-- This file is autogenerated; comments and unknown tags will be stripped -->
<mamecheat version="1">
	<cheat desc="Debug Mode">
		<script state="run">
			<action>maincpu.pb@607CF0C=01</action>
		</script>
	</cheat>
	<cheat desc=" " />
	<cheat desc="Set M-Roll Flags">
		<script state="run">
			<action>maincpu.pb@6064BD0=7F</action>
		</script>
	</cheat>
	<cheat desc=" " />
	<cheat desc="Disable M-Roll Flag 5 Check">
		<script state="run">
			<action>maincpu.pw@601151C=0009</action>
		</script>
	</cheat>
	<cheat desc=" " />
	<cheat desc="Skip from Level 1 to 990">
		<script state="run">
			<action condition="maincpu.pw@6064BBA==0001">maincpu.pb@6064C25=09</action>
			<action condition="maincpu.pw@6064BBA==0001">maincpu.pw@6064BBA=03DE</action>
		</script>
	</cheat>
	<cheat desc=" " />
	<cheat desc="Skip from Level 1 to 490">
		<script state="run">
			<action condition="maincpu.pw@6064BBA==0001">maincpu.pb@6064C25=09</action>
			<action condition="maincpu.pw@6064BBA==0001">maincpu.pw@6064BBA=01EA</action>
		</script>
	</cheat>
	<cheat desc=" " />
	<cheat desc="Set Level allows the level to increase as normal," />
	<cheat desc="Lock Level permanently locks to the desired level." />
	<cheat desc="Turn off Lock Level before using Set Level cheat." />
	<cheat desc="-----------------------------------------------------" />
	<cheat desc="Player 1 Set Level">
		<parameter			<item value="0x1">1</item>
			<item value="0x2">101</item>
			<item value="0x3">201</item>
			<item value="0x4">301</item>
			<item value="0x5">401</item>
			<item value="0x6">501</item>
			<item value="0x7">601</item>
			<item value="0x8">701</item>
			<item value="0x9">801</item>
			<item value="0xA">901</item>
			<item value="0xB">999</item>
		</parameter>
		<script state="change">
			<action condition="(param==01)">maincpu.pb@6064C25=00</action>
			<action condition="(param==01)">maincpu.pw@6064BBA=0001</action>
			<action condition="(param==02)">maincpu.pb@6064C25=01</action>
			<action condition="(param==02)">maincpu.pw@6064BBA=0065</action>
			<action condition="(param==03)">maincpu.pb@6064C25=02</action>
			<action condition="(param==03)">maincpu.pw@6064BBA=00C9</action>
			<action condition="(param==04)">maincpu.pb@6064C25=03</action>
			<action condition="(param==04)">maincpu.pw@6064BBA=012D</action>
			<action condition="(param==05)">maincpu.pb@6064C25=04</action>
			<action condition="(param==05)">maincpu.pw@6064BBA=0191</action>
			<action condition="(param==06)">maincpu.pb@6064C25=05</action>
			<action condition="(param==06)">maincpu.pw@6064BBA=01F5</action>
			<action condition="(param==07)">maincpu.pb@6064C25=06</action>
			<action condition="(param==07)">maincpu.pw@6064BBA=0259</action>
			<action condition="(param==08)">maincpu.pb@6064C25=07</action>
			<action condition="(param==08)">maincpu.pw@6064BBA=02BD</action>
			<action condition="(param==09)">maincpu.pb@6064C25=08</action>
			<action condition="(param==09)">maincpu.pw@6064BBA=0321</action>
			<action condition="(param==0A)">maincpu.pb@6064C25=09</action>
			<action condition="(param==0A)">maincpu.pw@6064BBA=0385</action>
			<action condition="(param==0B)">maincpu.pb@6064C25=09</action>
			<action condition="(param==0B)">maincpu.pw@6064BBA=03E7</action>
		</script>
	</cheat>
	<cheat desc="Player 1 Lock Level">
		<parameter			<item value="0x1">1</item>
			<item value="0x2">101</item>
			<item value="0x3">201</item>
			<item value="0x4">301</item>
			<item value="0x5">401</item>
			<item value="0x6">501</item>
			<item value="0x7">601</item>
			<item value="0x8">701</item>
			<item value="0x9">801</item>
			<item value="0xA">901</item>
			<item value="0xB">999</item>
		</parameter>
		<script state="run">
			<action condition="(param==01)">maincpu.pb@6064C25=00</action>
			<action condition="(param==01)">maincpu.pw@6064BBA=0001</action>
			<action condition="(param==02)">maincpu.pb@6064C25=01</action>
			<action condition="(param==02)">maincpu.pw@6064BBA=0065</action>
			<action condition="(param==03)">maincpu.pb@6064C25=02</action>
			<action condition="(param==03)">maincpu.pw@6064BBA=00C9</action>
			<action condition="(param==04)">maincpu.pb@6064C25=03</action>
			<action condition="(param==04)">maincpu.pw@6064BBA=012D</action>
			<action condition="(param==05)">maincpu.pb@6064C25=04</action>
			<action condition="(param==05)">maincpu.pw@6064BBA=0191</action>
			<action condition="(param==06)">maincpu.pb@6064C25=05</action>
			<action condition="(param==06)">maincpu.pw@6064BBA=01F5</action>
			<action condition="(param==07)">maincpu.pb@6064C25=06</action>
			<action condition="(param==07)">maincpu.pw@6064BBA=0259</action>
			<action condition="(param==08)">maincpu.pb@6064C25=07</action>
			<action condition="(param==08)">maincpu.pw@6064BBA=02BD</action>
			<action condition="(param==09)">maincpu.pb@6064C25=08</action>
			<action condition="(param==09)">maincpu.pw@6064BBA=0321</action>
			<action condition="(param==0A)">maincpu.pb@6064C25=09</action>
			<action condition="(param==0A)">maincpu.pw@6064BBA=0385</action>
			<action condition="(param==0B)">maincpu.pb@6064C25=09</action>
			<action condition="(param==0B)">maincpu.pw@6064BBA=03E7</action>
		</script>
	</cheat>
</mamecheat>
